id;nombre;apellido;identificacion;evento_id
1;bah;elegantly;even;1
2;tool secularize;before;about metabolise;2
3;puff;unfurl footrest rarely;ick;3
4;hamburger down dimly;nor;after interestingly;4
5;beneath intervention lest;likewise circa except;narrow reasonable;5
6;following;headline down;weary;6
7;factorize zowie mundane;gift atop immediately;terrorise;7
8;phooey um after;successfully longingly redact;yahoo drat;8
9;failing;gift ew judgementally;eyebrow grumpy gee;9
10;till;loose dependable zebra;tomorrow;10
